feature,importance
Reviews,0.551247657576577
Person capacity,0.15249512767683596
Cleaning fee,0.047127753524417004
Baths,0.027239596236242246
Elevator,0.02543429886889117
Self check-in,0.024805933540374196
Cable TV,0.01789721395713941
Microwave,0.013892682282168408
First aid kit,0.011763693577748908
Pets allowed,0.011369263914243524
